series,timestamp,flow
IN_CAMPOLIDE,2026-01-01T00:00,0.000
IN_CAMPOLIDE,2026-01-01T00:05,0.000
IN_CAMPOLIDE,2026-01-01T00:10,0.000
IN_CAMPOLIDE,2026-01-01T00:15,0.000
IN_CAMPOLIDE,2026-01-01T00:20,7.778
IN_CAMPOLIDE,2026-01-01T00:25,15.556
IN_CAMPOLIDE,2026-01-01T00:30,23.333
IN_CAMPOLIDE,2026-01-01T00:35,31.111
IN_CAMPOLIDE,2026-01-01T00:40,38.889
IN_CAMPOLIDE,2026-01-01T00:45,46.667
IN_CAMPOLIDE,2026-01-01T00:50,54.444
IN_CAMPOLIDE,2026-01-01T00:55,62.222
IN_CAMPOLIDE,2026-01-01T01:00,70.000
IN_CAMPOLIDE,2026-01-01T01:05,67.083
IN_CAMPOLIDE,2026-01-01T01:10,64.167
IN_CAMPOLIDE,2026-01-01T01:15,61.250
IN_CAMPOLIDE,2026-01-01T01:20,58.333
IN_CAMPOLIDE,2026-01-01T01:25,55.417
IN_CAMPOLIDE,2026-01-01T01:30,52.500
IN_CAMPOLIDE,2026-01-01T01:35,49.583
IN_CAMPOLIDE,2026-01-01T01:40,46.667
IN_CAMPOLIDE,2026-01-01T01:45,43.750
IN_CAMPOLIDE,2026-01-01T01:50,40.833
IN_CAMPOLIDE,2026-01-01T01:55,37.917
IN_CAMPOLIDE,2026-01-01T02:00,35.000
IN_CAMPOLIDE,2026-01-01T02:05,32.083
IN_CAMPOLIDE,2026-01-01T02:10,29.167
IN_CAMPOLIDE,2026-01-01T02:15,26.250
IN_CAMPOLIDE,2026-01-01T02:20,23.333
IN_CAMPOLIDE,2026-01-01T02:25,20.417
IN_CAMPOLIDE,2026-01-01T02:30,17.500
IN_CAMPOLIDE,2026-01-01T02:35,14.583
IN_CAMPOLIDE,2026-01-01T02:40,11.667
IN_CAMPOLIDE,2026-01-01T02:45,8.750
IN_CAMPOLIDE,2026-01-01T02:50,5.833
IN_CAMPOLIDE,2026-01-01T02:55,2.917
IN_CAMPOLIDE,2026-01-01T03:00,0.000
IN_CAMPOLIDE,2026-01-01T03:05,0.000
IN_CAMPOLIDE,2026-01-01T03:10,0.000
IN_CAMPOLIDE,2026-01-01T03:15,0.000
IN_CAMPOLIDE,2026-01-01T03:20,0.000
IN_CAMPOLIDE,2026-01-01T03:25,0.000
IN_CAMPOLIDE,2026-01-01T03:30,0.000
IN_CAMPOLIDE,2026-01-01T03:35,0.000
IN_CAMPOLIDE,2026-01-01T03:40,0.000
IN_CAMPOLIDE,2026-01-01T03:45,0.000
IN_CAMPOLIDE,2026-01-01T03:50,0.000
IN_CAMPOLIDE,2026-01-01T03:55,0.000
IN_CAMPOLIDE,2026-01-01T04:00,0.000
IN_CAMPOLIDE,2026-01-01T04:05,0.000
IN_CAMPOLIDE,2026-01-01T04:10,0.000
IN_CAMPOLIDE,2026-01-01T04:15,0.000
IN_CAMPOLIDE,2026-01-01T04:20,0.000
IN_CAMPOLIDE,2026-01-01T04:25,0.000
IN_CAMPOLIDE,2026-01-01T04:30,0.000
IN_CAMPOLIDE,2026-01-01T04:35,0.000
IN_CAMPOLIDE,2026-01-01T04:40,0.000
IN_CAMPOLIDE,2026-01-01T04:45,0.000
IN_CAMPOLIDE,2026-01-01T04:50,0.000
IN_CAMPOLIDE,2026-01-01T04:55,0.000
IN_CAMPOLIDE,2026-01-01T05:00,0.000
IN_CAMPOLIDE,2026-01-01T05:05,0.000
IN_CAMPOLIDE,2026-01-01T05:10,0.000
IN_CAMPOLIDE,2026-01-01T05:15,0.000
IN_CAMPOLIDE,2026-01-01T05:20,0.000
IN_CAMPOLIDE,2026-01-01T05:25,0.000
IN_CAMPOLIDE,2026-01-01T05:30,0.000
IN_CAMPOLIDE,2026-01-01T05:35,0.000
IN_CAMPOLIDE,2026-01-01T05:40,0.000
IN_CAMPOLIDE,2026-01-01T05:45,0.000
IN_CAMPOLIDE,2026-01-01T05:50,0.000
IN_CAMPOLIDE,2026-01-01T05:55,0.000
IN_CAMPOLIDE,2026-01-01T06:00,0.000
IN_LIBERDADE,2026-01-01T00:00,0.000
IN_LIBERDADE,2026-01-01T00:05,0.000
IN_LIBERDADE,2026-01-01T00:10,0.000
IN_LIBERDADE,2026-01-01T00:15,0.000
IN_LIBERDADE,2026-01-01T00:20,4.286
IN_LIBERDADE,2026-01-01T00:25,8.571
IN_LIBERDADE,2026-01-01T00:30,12.857
IN_LIBERDADE,2026-01-01T00:35,17.143
IN_LIBERDADE,2026-01-01T00:40,21.429
IN_LIBERDADE,2026-01-01T00:45,25.714
IN_LIBERDADE,2026-01-01T00:50,30.000
IN_LIBERDADE,2026-01-01T00:55,28.846
IN_LIBERDADE,2026-01-01T01:00,27.692
IN_LIBERDADE,2026-01-01T01:05,26.538
IN_LIBERDADE,2026-01-01T01:10,25.385
IN_LIBERDADE,2026-01-01T01:15,24.231
IN_LIBERDADE,2026-01-01T01:20,23.077
IN_LIBERDADE,2026-01-01T01:25,21.923
IN_LIBERDADE,2026-01-01T01:30,20.769
IN_LIBERDADE,2026-01-01T01:35,19.615
IN_LIBERDADE,2026-01-01T01:40,18.462
IN_LIBERDADE,2026-01-01T01:45,17.308
IN_LIBERDADE,2026-01-01T01:50,16.154
IN_LIBERDADE,2026-01-01T01:55,15.000
IN_LIBERDADE,2026-01-01T02:00,13.846
IN_LIBERDADE,2026-01-01T02:05,12.692
IN_LIBERDADE,2026-01-01T02:10,11.538
IN_LIBERDADE,2026-01-01T02:15,10.385
IN_LIBERDADE,2026-01-01T02:20,9.231
IN_LIBERDADE,2026-01-01T02:25,8.077
IN_LIBERDADE,2026-01-01T02:30,6.923
IN_LIBERDADE,2026-01-01T02:35,5.769
IN_LIBERDADE,2026-01-01T02:40,4.615
IN_LIBERDADE,2026-01-01T02:45,3.462
IN_LIBERDADE,2026-01-01T02:50,2.308
IN_LIBERDADE,2026-01-01T02:55,1.154
IN_LIBERDADE,2026-01-01T03:00,0.000
IN_LIBERDADE,2026-01-01T03:05,0.000
IN_LIBERDADE,2026-01-01T03:10,0.000
IN_LIBERDADE,2026-01-01T03:15,0.000
IN_LIBERDADE,2026-01-01T03:20,0.000
IN_LIBERDADE,2026-01-01T03:25,0.000
IN_LIBERDADE,2026-01-01T03:30,0.000
IN_LIBERDADE,2026-01-01T03:35,0.000
IN_LIBERDADE,2026-01-01T03:40,0.000
IN_LIBERDADE,2026-01-01T03:45,0.000
IN_LIBERDADE,2026-01-01T03:50,0.000
IN_LIBERDADE,2026-01-01T03:55,0.000
IN_LIBERDADE,2026-01-01T04:00,0.000
IN_LIBERDADE,2026-01-01T04:05,0.000
IN_LIBERDADE,2026-01-01T04:10,0.000
IN_LIBERDADE,2026-01-01T04:15,0.000
IN_LIBERDADE,2026-01-01T04:20,0.000
IN_LIBERDADE,2026-01-01T04:25,0.000
IN_LIBERDADE,2026-01-01T04:30,0.000
IN_LIBERDADE,2026-01-01T04:35,0.000
IN_LIBERDADE,2026-01-01T04:40,0.000
IN_LIBERDADE,2026-01-01T04:45,0.000
IN_LIBERDADE,2026-01-01T04:50,0.000
IN_LIBERDADE,2026-01-01T04:55,0.000
IN_LIBERDADE,2026-01-01T05:00,0.000
IN_LIBERDADE,2026-01-01T05:05,0.000
IN_LIBERDADE,2026-01-01T05:10,0.000
IN_LIBERDADE,2026-01-01T05:15,0.000
IN_LIBERDADE,2026-01-01T05:20,0.000
IN_LIBERDADE,2026-01-01T05:25,0.000
IN_LIBERDADE,2026-01-01T05:30,0.000
IN_LIBERDADE,2026-01-01T05:35,0.000
IN_LIBERDADE,2026-01-01T05:40,0.000
IN_LIBERDADE,2026-01-01T05:45,0.000
IN_LIBERDADE,2026-01-01T05:50,0.000
IN_LIBERDADE,2026-01-01T05:55,0.000
IN_LIBERDADE,2026-01-01T06:00,0.000
IN_SANTA_MARTA,2026-01-01T00:00,0.000
IN_SANTA_MARTA,2026-01-01T00:05,0.000
IN_SANTA_MARTA,2026-01-01T00:10,0.000
IN_SANTA_MARTA,2026-01-01T00:15,0.000
IN_SANTA_MARTA,2026-01-01T00:20,2.000
IN_SANTA_MARTA,2026-01-01T00:25,4.000
IN_SANTA_MARTA,2026-01-01T00:30,6.000
IN_SANTA_MARTA,2026-01-01T00:35,8.000
IN_SANTA_MARTA,2026-01-01T00:40,10.000
IN_SANTA_MARTA,2026-01-01T00:45,12.000
IN_SANTA_MARTA,2026-01-01T00:50,11.556
IN_SANTA_MARTA,2026-01-01T00:55,11.111
IN_SANTA_MARTA,2026-01-01T01:00,10.667
IN_SANTA_MARTA,2026-01-01T01:05,10.222
IN_SANTA_MARTA,2026-01-01T01:10,9.778
IN_SANTA_MARTA,2026-01-01T01:15,9.333
IN_SANTA_MARTA,2026-01-01T01:20,8.889
IN_SANTA_MARTA,2026-01-01T01:25,8.444
IN_SANTA_MARTA,2026-01-01T01:30,8.000
IN_SANTA_MARTA,2026-01-01T01:35,7.556
IN_SANTA_MARTA,2026-01-01T01:40,7.111
IN_SANTA_MARTA,2026-01-01T01:45,6.667
IN_SANTA_MARTA,2026-01-01T01:50,6.222
IN_SANTA_MARTA,2026-01-01T01:55,5.778
IN_SANTA_MARTA,2026-01-01T02:00,5.333
IN_SANTA_MARTA,2026-01-01T02:05,4.889
IN_SANTA_MARTA,2026-01-01T02:10,4.444
IN_SANTA_MARTA,2026-01-01T02:15,4.000
IN_SANTA_MARTA,2026-01-01T02:20,3.556
IN_SANTA_MARTA,2026-01-01T02:25,3.111
IN_SANTA_MARTA,2026-01-01T02:30,2.667
IN_SANTA_MARTA,2026-01-01T02:35,2.222
IN_SANTA_MARTA,2026-01-01T02:40,1.778
IN_SANTA_MARTA,2026-01-01T02:45,1.333
IN_SANTA_MARTA,2026-01-01T02:50,0.889
IN_SANTA_MARTA,2026-01-01T02:55,0.444
IN_SANTA_MARTA,2026-01-01T03:00,0.000
IN_SANTA_MARTA,2026-01-01T03:05,0.000
IN_SANTA_MARTA,2026-01-01T03:10,0.000
IN_SANTA_MARTA,2026-01-01T03:15,0.000
IN_SANTA_MARTA,2026-01-01T03:20,0.000
IN_SANTA_MARTA,2026-01-01T03:25,0.000
IN_SANTA_MARTA,2026-01-01T03:30,0.000
IN_SANTA_MARTA,2026-01-01T03:35,0.000
IN_SANTA_MARTA,2026-01-01T03:40,0.000
IN_SANTA_MARTA,2026-01-01T03:45,0.000
IN_SANTA_MARTA,2026-01-01T03:50,0.000
IN_SANTA_MARTA,2026-01-01T03:55,0.000
IN_SANTA_MARTA,2026-01-01T04:00,0.000
IN_SANTA_MARTA,2026-01-01T04:05,0.000
IN_SANTA_MARTA,2026-01-01T04:10,0.000
IN_SANTA_MARTA,2026-01-01T04:15,0.000
IN_SANTA_MARTA,2026-01-01T04:20,0.000
IN_SANTA_MARTA,2026-01-01T04:25,0.000
IN_SANTA_MARTA,2026-01-01T04:30,0.000
IN_SANTA_MARTA,2026-01-01T04:35,0.000
IN_SANTA_MARTA,2026-01-01T04:40,0.000
IN_SANTA_MARTA,2026-01-01T04:45,0.000
IN_SANTA_MARTA,2026-01-01T04:50,0.000
IN_SANTA_MARTA,2026-01-01T04:55,0.000
IN_SANTA_MARTA,2026-01-01T05:00,0.000
IN_SANTA_MARTA,2026-01-01T05:05,0.000
IN_SANTA_MARTA,2026-01-01T05:10,0.000
IN_SANTA_MARTA,2026-01-01T05:15,0.000
IN_SANTA_MARTA,2026-01-01T05:20,0.000
IN_SANTA_MARTA,2026-01-01T05:25,0.000
IN_SANTA_MARTA,2026-01-01T05:30,0.000
IN_SANTA_MARTA,2026-01-01T05:35,0.000
IN_SANTA_MARTA,2026-01-01T05:40,0.000
IN_SANTA_MARTA,2026-01-01T05:45,0.000
IN_SANTA_MARTA,2026-01-01T05:50,0.000
IN_SANTA_MARTA,2026-01-01T05:55,0.000
IN_SANTA_MARTA,2026-01-01T06:00,0.000
IN_ALMIRANTE_REIS,2026-01-01T00:00,0.000
IN_ALMIRANTE_REIS,2026-01-01T00:05,0.000
IN_ALMIRANTE_REIS,2026-01-01T00:10,0.000
IN_ALMIRANTE_REIS,2026-01-01T00:15,0.000
IN_ALMIRANTE_REIS,2026-01-01T00:20,4.375
IN_ALMIRANTE_REIS,2026-01-01T00:25,8.750
IN_ALMIRANTE_REIS,2026-01-01T00:30,13.125
IN_ALMIRANTE_REIS,2026-01-01T00:35,17.500
IN_ALMIRANTE_REIS,2026-01-01T00:40,21.875
IN_ALMIRANTE_REIS,2026-01-01T00:45,26.250
IN_ALMIRANTE_REIS,2026-01-01T00:50,30.625
IN_ALMIRANTE_REIS,2026-01-01T00:55,35.000
IN_ALMIRANTE_REIS,2026-01-01T01:00,33.600
IN_ALMIRANTE_REIS,2026-01-01T01:05,32.200
IN_ALMIRANTE_REIS,2026-01-01T01:10,30.800
IN_ALMIRANTE_REIS,2026-01-01T01:15,29.400
IN_ALMIRANTE_REIS,2026-01-01T01:20,28.000
IN_ALMIRANTE_REIS,2026-01-01T01:25,26.600
IN_ALMIRANTE_REIS,2026-01-01T01:30,25.200
IN_ALMIRANTE_REIS,2026-01-01T01:35,23.800
IN_ALMIRANTE_REIS,2026-01-01T01:40,22.400
IN_ALMIRANTE_REIS,2026-01-01T01:45,21.000
IN_ALMIRANTE_REIS,2026-01-01T01:50,19.600
IN_ALMIRANTE_REIS,2026-01-01T01:55,18.200
IN_ALMIRANTE_REIS,2026-01-01T02:00,16.800
IN_ALMIRANTE_REIS,2026-01-01T02:05,15.400
IN_ALMIRANTE_REIS,2026-01-01T02:10,14.000
IN_ALMIRANTE_REIS,2026-01-01T02:15,12.600
IN_ALMIRANTE_REIS,2026-01-01T02:20,11.200
IN_ALMIRANTE_REIS,2026-01-01T02:25,9.800
IN_ALMIRANTE_REIS,2026-01-01T02:30,8.400
IN_ALMIRANTE_REIS,2026-01-01T02:35,7.000
IN_ALMIRANTE_REIS,2026-01-01T02:40,5.600
IN_ALMIRANTE_REIS,2026-01-01T02:45,4.200
IN_ALMIRANTE_REIS,2026-01-01T02:50,2.800
IN_ALMIRANTE_REIS,2026-01-01T02:55,1.400
IN_ALMIRANTE_REIS,2026-01-01T03:00,0.000
IN_ALMIRANTE_REIS,2026-01-01T03:05,0.000
IN_ALMIRANTE_REIS,2026-01-01T03:10,0.000
IN_ALMIRANTE_REIS,2026-01-01T03:15,0.000
IN_ALMIRANTE_REIS,2026-01-01T03:20,0.000
IN_ALMIRANTE_REIS,2026-01-01T03:25,0.000
IN_ALMIRANTE_REIS,2026-01-01T03:30,0.000
IN_ALMIRANTE_REIS,2026-01-01T03:35,0.000
IN_ALMIRANTE_REIS,2026-01-01T03:40,0.000
IN_ALMIRANTE_REIS,2026-01-01T03:45,0.000
IN_ALMIRANTE_REIS,2026-01-01T03:50,0.000
IN_ALMIRANTE_REIS,2026-01-01T03:55,0.000
IN_ALMIRANTE_REIS,2026-01-01T04:00,0.000
IN_ALMIRANTE_REIS,2026-01-01T04:05,0.000
IN_ALMIRANTE_REIS,2026-01-01T04:10,0.000
IN_ALMIRANTE_REIS,2026-01-01T04:15,0.000
IN_ALMIRANTE_REIS,2026-01-01T04:20,0.000
IN_ALMIRANTE_REIS,2026-01-01T04:25,0.000
IN_ALMIRANTE_REIS,2026-01-01T04:30,0.000
IN_ALMIRANTE_REIS,2026-01-01T04:35,0.000
IN_ALMIRANTE_REIS,2026-01-01T04:40,0.000
IN_ALMIRANTE_REIS,2026-01-01T04:45,0.000
IN_ALMIRANTE_REIS,2026-01-01T04:50,0.000
IN_ALMIRANTE_REIS,2026-01-01T04:55,0.000
IN_ALMIRANTE_REIS,2026-01-01T05:00,0.000
IN_ALMIRANTE_REIS,2026-01-01T05:05,0.000
IN_ALMIRANTE_REIS,2026-01-01T05:10,0.000
IN_ALMIRANTE_REIS,2026-01-01T05:15,0.000
IN_ALMIRANTE_REIS,2026-01-01T05:20,0.000
IN_ALMIRANTE_REIS,2026-01-01T05:25,0.000
IN_ALMIRANTE_REIS,2026-01-01T05:30,0.000
IN_ALMIRANTE_REIS,2026-01-01T05:35,0.000
IN_ALMIRANTE_REIS,2026-01-01T05:40,0.000
IN_ALMIRANTE_REIS,2026-01-01T05:45,0.000
IN_ALMIRANTE_REIS,2026-01-01T05:50,0.000
IN_ALMIRANTE_REIS,2026-01-01T05:55,0.000
IN_ALMIRANTE_REIS,2026-01-01T06:00,0.000
